INSERT INTO SHOPS VALUES ('MEL3000', '156 Elizabeth Street', 'Melbourne', 3000, 392557261, 'melbourne@extremesports.com.au');
INSERT INTO SHOPS VALUES ('SYD2000', '18 George Street', 'Sydney', 2000, 263826482, 'sydney@xtremesports.com.au');
INSERT INTO SHOPS VALUES ('BNE4000', '56 James Street', 'Brisbane', 4000, 747507219, 'brisbane@xtremesports.com.au');

INSERT INTO SUPPLIERS VALUES ('MELSUP123', 'Active Sportswear Melbourne', '35 Beaconsfield Street', 'Melbourne', 3001, 391887463, 'melbourne@activesportswear.com.au');
INSERT INTO SUPPLIERS VALUES ('MELSUP456', 'Basic Gym Supplies Melbourne', '43 Toorak Road', 'Melbourne', 3005, 391846349, 'melbourne@basicgym.com.au');
INSERT INTO SUPPLIERS VALUES ('SYDSUP123', 'Active Sportswear Sydney', '345 Commercial Road', 'Sydney', 2018, 285330028, 'sydney@activesportswear.com.au');
INSERT INTO SUPPLIERS VALUES ('SYDSUP456', 'Basic Gym Supplies Sydney', '67 George Street', 'Sydney', 2015, 263339213, 'sydney@basicgym.com.au');
INSERT INTO SUPPLIERS VALUES ('BNESUP123', 'Active Sportswear Brisbane', '19 Oxford Street', 'Brisbane', 4001, 793092622, 'brisbane@activesportswear.com.au');
INSERT INTO SUPPLIERS VALUES ('BNESUP456', 'Basic Gym Supplies Brisbane', '6 Queen Walk', 'Brisbane', 4015, 747592715, 'brisbane@basicgym.com.au');

INSERT INTO CUSTOMERS VALUES ('cust123', 'Grisham', 'John', '18 Smith Street', 'Melbourne', 3002, 377292904, 'patrick@hotmail.com', 'MEL3000');
INSERT INTO CUSTOMERS VALUES ('cust456', 'Brown', 'Dan', '56 Taylors Road', 'Taylors Hill', 3037, 388284567, 'dan@gmail.com', 'MEL3000');
INSERT INTO CUSTOMERS VALUES ('cust789', 'Sheldon', 'Sidney', '141 Elizabeth Walk', 'Melbourne', 3006, 397489246, 'sydney@gmail.com', 'MEL3000');
INSERT INTO CUSTOMERS VALUES ('cust135', 'Higgins', 'Mary', '11 Williamstown Road', 'Williamstown', 3110, 317502503, 'marry@hotmail.com', 'MEL3000');
INSERT INTO CUSTOMERS VALUES ('cust246', 'La Plante', 'Lynda', '80 George Road', 'Sydney', 2143, 217283950, 'lynda@gmail.com', 'SYD2000');
INSERT INTO CUSTOMERS VALUES ('cust357', 'Follett', 'Ken', '18 Bondi Way', 'Bondi', 2166, 255934032, 'ken@hotmail.com', 'SYD2000');
INSERT INTO CUSTOMERS VALUES ('cust468', 'Fulghum', 'Robert', '121 Long Street', 'Sydney', 2455, 299102774, 'robert@outlook.com', 'SYD2000');
INSERT INTO CUSTOMERS VALUES ('cust579', 'Woolf', 'Virginia', '975 Main Street', 'Brisbane', 4015, 707433269, null, 'BNE4000');
INSERT INTO CUSTOMERS VALUES ('cust056', 'Gardner', 'Lisa', '9 Carlton Road', 'Brisbane', 4438, 799144839, 'lisa@hotmail.com', 'BNE4000');
INSERT INTO CUSTOMERS VALUES ('cust000', 'Tolkien', 'John', '10 Hobbiton Road', 'Brisbane', 4444, 777531045, 'jrr@hobbiton.com', 'BNE4000');

INSERT INTO ITEMS VALUES ('IT00', 'Multisport Watch', '10', 'Whitestone', 499.00, 5);
INSERT INTO ITEMS VALUES ('IT01', 'Western Bulldogs Jersey', 'M', 'Blue', 100.00, 19);
INSERT INTO ITEMS VALUES ('IT02', 'Socks - 3 pack', '6-10', 'White', 14.99, 45);
INSERT INTO ITEMS VALUES ('IT03', 'Soccer Ball', '4', 'Yellow', 90.00, 20);
INSERT INTO ITEMS VALUES ('IT04', 'AFL Ball', '5', 'Red', 90.00, 6);
INSERT INTO ITEMS VALUES ('IT05', 'Cricket Bat', '6', 'White', 75.00, 3);
INSERT INTO ITEMS VALUES ('IT06', 'Free Run Sneakers - Mens', '11', 'Black', 110.00, 10);
INSERT INTO ITEMS VALUES ('IT08', 'Goggles', 'S', 'Clear', 39.99, 5);
INSERT INTO ITEMS VALUES ('IT09', 'Backpack', null, 'Grey', 50.00, 20);
INSERT INTO ITEMS VALUES ('IT10', 'Tennis Balls - 4 pack', null, 'Orange', 15.00, 15);
INSERT INTO ITEMS VALUES ('IT11', 'Womens Hooded Jacket', 'L', 'Black', 130.00, 12);
INSERT INTO ITEMS VALUES ('IT12', 'Drink Bottle', null, 'Blue', 20.00, 10);
INSERT INTO ITEMS VALUES ('IT13', 'Drink Bottle', null, 'Red', 20.00, 20);
INSERT INTO ITEMS VALUES ('IT14', 'Free Run Sneakers - Womens', '10', 'Black', 110.00, 7);
INSERT INTO ITEMS VALUES ('IT15', 'Mens Hooded Jacket', 'XL', 'Black', 130.00, 25);

INSERT INTO ORDERS VALUES ('1', '15/AUG/20', '15/AUG/20', 'cust246');
INSERT INTO ORDERS VALUES ('2', '15/AUG/20', '16/AUG/20', 'cust135');
INSERT INTO ORDERS VALUES ('3', '18/AUG/20', '25/AUG/20', 'cust246');
INSERT INTO ORDERS VALUES ('4', '19/AUG/20', '21/AUG/20', 'cust789');
INSERT INTO ORDERS VALUES ('5', '23/AUG/20', '27/AUG/20', 'cust468');
INSERT INTO ORDERS VALUES ('6', '27/AUG/20', '03/SEP/20', 'cust789');
INSERT INTO ORDERS VALUES ('7', '29/AUG/20', '28/SEP/20', 'cust123');
INSERT INTO ORDERS VALUES ('8', '03/SEP/20', '04/SEP/20', 'cust456');
INSERT INTO ORDERS VALUES ('9', '03/SEP/20', '08/SEP/20', 'cust000');
INSERT INTO ORDERS VALUES ('10', '05/SEP/20', '06/SEP/20', 'cust056');
INSERT INTO ORDERS VALUES ('11', '08/SEP/20', '10/SEP/20', 'cust056');
INSERT INTO ORDERS VALUES ('12', '09/SEP/20', '10/SEP/20', 'cust135');
INSERT INTO ORDERS VALUES ('13', '12/SEP/20', '15/SEP/20', 'cust056');
INSERT INTO ORDERS VALUES ('14', '14/SEP/20', '28/SEP/20', 'cust000');
INSERT INTO ORDERS VALUES ('15', '17/SEP/20', '20/SEP/20', 'cust468');
INSERT INTO ORDERS VALUES ('16', '18/SEP/20', '20/SEP/20', 'cust789');
INSERT INTO ORDERS VALUES ('17', '21/SEP/20', '23/SEP/20', 'cust123');
INSERT INTO ORDERS VALUES ('18', '23/SEP/20', '28/SEP/20', 'cust000');
INSERT INTO ORDERS VALUES ('19', '25/SEP/20', '26/SEP/20', 'cust789');
INSERT INTO ORDERS VALUES ('20', '27/SEP/20', '30/SEP/20', 'cust135');

INSERT INTO SHOP_ITEMS VALUES ('MEL3000', 'IT00', 3);
INSERT INTO SHOP_ITEMS VALUES ('MEL3000', 'IT01', 8);
INSERT INTO SHOP_ITEMS VALUES ('MEL3000', 'IT03', 5);
INSERT INTO SHOP_ITEMS VALUES ('MEL3000', 'IT04', 10);
INSERT INTO SHOP_ITEMS VALUES ('MEL3000', 'IT05', 4);
INSERT INTO SHOP_ITEMS VALUES ('MEL3000', 'IT06', 8);
INSERT INTO SHOP_ITEMS VALUES ('MEL3000', 'IT15', 19);
INSERT INTO SHOP_ITEMS VALUES ('SYD2000', 'IT00', 2);
INSERT INTO SHOP_ITEMS VALUES ('SYD2000', 'IT01', 11);
INSERT INTO SHOP_ITEMS VALUES ('SYD2000', 'IT08', 33);
INSERT INTO SHOP_ITEMS VALUES ('SYD2000', 'IT09', 0);
INSERT INTO SHOP_ITEMS VALUES ('SYD2000', 'IT05', 34);
INSERT INTO SHOP_ITEMS VALUES ('SYD2000', 'IT11', 7);
INSERT INTO SHOP_ITEMS VALUES ('SYD2000', 'IT12', 5);
INSERT INTO SHOP_ITEMS VALUES ('BNE4000', 'IT13', 9);
INSERT INTO SHOP_ITEMS VALUES ('BNE4000', 'IT14', 12);
INSERT INTO SHOP_ITEMS VALUES ('BNE4000', 'IT02', 17);
INSERT INTO SHOP_ITEMS VALUES ('BNE4000', 'IT03', 6);
INSERT INTO SHOP_ITEMS VALUES ('BNE4000', 'IT10', 3);
INSERT INTO SHOP_ITEMS VALUES ('BNE4000', 'IT08', 6);

INSERT INTO ORDER_ITEMS VALUES ('1', 'IT00', 1);
INSERT INTO ORDER_ITEMS VALUES ('2', 'IT08', 1);
INSERT INTO ORDER_ITEMS VALUES ('3', 'IT02', 1);
INSERT INTO ORDER_ITEMS VALUES ('4', 'IT10', 1);
INSERT INTO ORDER_ITEMS VALUES ('5', 'IT01', 6);
INSERT INTO ORDER_ITEMS VALUES ('6', 'IT09', 1);
INSERT INTO ORDER_ITEMS VALUES ('7', 'IT06', 1);
INSERT INTO ORDER_ITEMS VALUES ('8', 'IT03', 1);
INSERT INTO ORDER_ITEMS VALUES ('9', 'IT08', 2);
INSERT INTO ORDER_ITEMS VALUES ('10', 'IT11', 1);
INSERT INTO ORDER_ITEMS VALUES ('11', 'IT05', 3);
INSERT INTO ORDER_ITEMS VALUES ('12', 'IT04', 1);
INSERT INTO ORDER_ITEMS VALUES ('13', 'IT12', 1);
INSERT INTO ORDER_ITEMS VALUES ('14', 'IT14', 5);
INSERT INTO ORDER_ITEMS VALUES ('15', 'IT15', 1);
INSERT INTO ORDER_ITEMS VALUES ('16', 'IT04', 1);
INSERT INTO ORDER_ITEMS VALUES ('17', 'IT05', 4);
INSERT INTO ORDER_ITEMS VALUES ('18', 'IT03', 1);
INSERT INTO ORDER_ITEMS VALUES ('19', 'IT11', 1);
INSERT INTO ORDER_ITEMS VALUES ('20', 'IT03', 4);

INSERT INTO SUPPLIER_ITEMS VALUES ('MELSUP123', 'IT03', 10);
INSERT INTO SUPPLIER_ITEMS VALUES ('MELSUP123', 'IT04', 20);
INSERT INTO SUPPLIER_ITEMS VALUES ('MELSUP123', 'IT05', 332);
INSERT INTO SUPPLIER_ITEMS VALUES ('MELSUP456', 'IT11', 23);
INSERT INTO SUPPLIER_ITEMS VALUES ('MELSUP456', 'IT01', 435);
INSERT INTO SUPPLIER_ITEMS VALUES ('MELSUP456', 'IT10', 3);
INSERT INTO SUPPLIER_ITEMS VALUES ('SYDSUP123', 'IT12', 23);
INSERT INTO SUPPLIER_ITEMS VALUES ('SYDSUP123', 'IT13', 52);
INSERT INTO SUPPLIER_ITEMS VALUES ('SYDSUP123', 'IT14', 124);
INSERT INTO SUPPLIER_ITEMS VALUES ('SYDSUP456', 'IT02', 34);
INSERT INTO SUPPLIER_ITEMS VALUES ('SYDSUP456', 'IT09', 14);
INSERT INTO SUPPLIER_ITEMS VALUES ('SYDSUP456', 'IT06', 79);
INSERT INTO SUPPLIER_ITEMS VALUES ('BNESUP123', 'IT08', 50);
INSERT INTO SUPPLIER_ITEMS VALUES ('BNESUP123', 'IT15', 69);
INSERT INTO SUPPLIER_ITEMS VALUES ('BNESUP123', 'IT00', 60);
INSERT INTO SUPPLIER_ITEMS VALUES ('BNESUP456', 'IT11', 57);
INSERT INTO SUPPLIER_ITEMS VALUES ('BNESUP456', 'IT01', 234);
INSERT INTO SUPPLIER_ITEMS VALUES ('BNESUP456', 'IT13', 13);
INSERT INTO SUPPLIER_ITEMS VALUES ('MELSUP456', 'IT03', 57);
INSERT INTO SUPPLIER_ITEMS VALUES ('SYDSUP123', 'IT03', 63);

COMMIT;